,country_code,highway,length
0,ESH,bridleway,53.6724
1,ESH,bus_guideway,8.300400000000002
2,ESH,construction,1158.036
3,ESH,corridor,2.5359
4,ESH,crossing,0.036199999999999996
5,ESH,cycleway,66.7833
6,ESH,escape,1.1979
7,ESH,footway,4227.1122
8,ESH,living_street,1660.4439
9,ESH,motorway,4313.7698
10,ESH,motorway_link,452.2136
11,ESH,path,38384.6445
12,ESH,pedestrian,426.3458
13,ESH,platform,0.0674
14,ESH,primary,16398.5882
15,ESH,primary_link,56.3686
16,ESH,proposed,2336.5695
17,ESH,raceway,11.64
18,ESH,residential,52542.0649
19,ESH,rest_area,3.4307
20,ESH,road,41.4577
21,ESH,secondary,11088.679399999999
22,ESH,secondary_link,30.5327
23,ESH,service,10000.5284
24,ESH,services,58.7528
25,ESH,steps,46.2306
26,ESH,tertiary,42267.633
27,ESH,tertiary_link,26.457
28,ESH,track,249209.9765
29,ESH,trunk,4386.6783
30,ESH,trunk_link,64.8274
31,ESH,unclassified,78792.3285
32,SSD,bridleway,7.9351
33,SSD,construction,107.92269999999999
34,SSD,footway,334.4225
35,SSD,living_street,2.0428
36,SSD,path,36056.6036
37,SSD,pedestrian,4.7166
38,SSD,primary,6533.1476
39,SSD,primary_link,1.7601
40,SSD,proposed,395.1314
41,SSD,residential,10042.3837
42,SSD,road,8.716899999999999
43,SSD,secondary,5412.073
44,SSD,secondary_link,0.1893
45,SSD,service,1211.1416
46,SSD,steps,0.235
47,SSD,tertiary,7066.5075
48,SSD,tertiary_link,1.0528
49,SSD,track,23797.1244
50,SSD,trunk,19.040699999999998
51,SSD,unclassified,26774.5937
52,STP,footway,15.3492
53,STP,path,180.0875
54,STP,pedestrian,0.3794
55,STP,primary,135.061
56,STP,primary_link,0.3146
57,STP,residential,311.4628
58,STP,secondary,61.8684
59,STP,secondary_link,0.08660000000000001
60,STP,service,19.462600000000002
61,STP,steps,0.2644
62,STP,tertiary,99.9119
63,STP,tertiary_link,0.1155
64,STP,track,242.5328
65,STP,unclassified,185.4469
66,ERI,construction,59.3096
67,ERI,footway,33.2332
68,ERI,living_street,0.7095
69,ERI,path,946.1043
70,ERI,pedestrian,0.5182
71,ERI,primary,634.8181
72,ERI,primary_link,1.0416
73,ERI,raceway,0.4482
74,ERI,residential,4676.032
75,ERI,rest_area,1.3957
76,ERI,road,12.8254
77,ERI,secondary,1187.3932
78,ERI,secondary_link,1.2283
79,ERI,service,265.6303
80,ERI,steps,0.5304
81,ERI,tertiary,1995.3639
82,ERI,tertiary_link,0.294
83,ERI,track,5104.7176
84,ERI,trunk,1558.537
85,ERI,trunk_link,1.081
86,ERI,unclassified,4115.1991
87,ZAF,abandoned,3.8474000000000004
88,ZAF,bridleway,77.2528
89,ZAF,bus_guideway,0.0572
90,ZAF,bus_stop,0.2206
91,ZAF,busway,0.0249
92,ZAF,construction,50.7792
93,ZAF,corridor,8.7864
94,ZAF,cycleway,892.0
95,ZAF,elevator,0.0607
96,ZAF,escape,2.5852
97,ZAF,footway,5025.8619
98,ZAF,living_street,463.1691
99,ZAF,motorway,4156.8759
100,ZAF,motorway_link,1400.9325
101,ZAF,path,20279.1477
102,ZAF,pedestrian,71.8599
103,ZAF,platform,0.6778
104,ZAF,primary,23240.312
105,ZAF,primary_link,417.2035
106,ZAF,proposed,120.7927
107,ZAF,raceway,128.8952
108,ZAF,razed,7.45
109,ZAF,residential,332498.9181
110,ZAF,rest_area,10.8287
111,ZAF,road,38.96
112,ZAF,secondary,41614.7987
113,ZAF,secondary_link,287.9584
114,ZAF,service,55381.7575
115,ZAF,services,16.5924
116,ZAF,steps,61.0601
117,ZAF,street_lamp,0.0701
118,ZAF,tertiary,93795.6707
119,ZAF,tertiary_link,167.7588
120,ZAF,track,162808.6835
121,ZAF,trunk,14787.3781
122,ZAF,trunk_link,558.0131
123,ZAF,unclassified,211417.4808
124,ZAF,via_ferrata,0.0037
125,ZAF,yes,0.0619
126,DJI,construction,7.6117
127,DJI,corridor,0.1267
128,DJI,footway,40.9972
129,DJI,living_street,0.9547
130,DJI,path,146.7376
131,DJI,pedestrian,0.0187
132,DJI,platform,0.6993
133,DJI,primary,482.2832
134,DJI,primary_link,0.9006000000000001
135,DJI,residential,813.5341
136,DJI,secondary,181.1727
137,DJI,secondary_link,0.5676
138,DJI,service,379.7029
139,DJI,steps,0.0364
140,DJI,tertiary,364.5113
141,DJI,tertiary_link,0.046700000000000005
142,DJI,track,2279.2407
143,DJI,trunk,280.8739
144,DJI,trunk_link,0.6677
145,DJI,unclassified,860.7931
146,SYC,footway,24.6982
147,SYC,living_street,0.5182
148,SYC,path,165.9557
149,SYC,primary,81.6333
150,SYC,primary_link,0.5125
151,SYC,raceway,0.6114
152,SYC,residential,368.739
153,SYC,secondary,66.0995
154,SYC,secondary_link,0.1102
155,SYC,service,112.2808
156,SYC,steps,0.5236000000000001
157,SYC,tertiary,45.5164
158,SYC,tertiary_link,0.35760000000000003
159,SYC,track,76.9887
160,SYC,unclassified,26.041900000000002
161,ZWE,bridleway,1.2765
162,ZWE,construction,2723.7152
163,ZWE,cycleway,9.6059
164,ZWE,footway,89.3978
165,ZWE,living_street,7.1071
166,ZWE,path,16055.0545
167,ZWE,pedestrian,1.9666
168,ZWE,primary,2816.9474999999998
169,ZWE,primary_link,7.9757
170,ZWE,proposed,22.7234
171,ZWE,raceway,7.6627
172,ZWE,residential,16412.5657
173,ZWE,road,1.0782
174,ZWE,secondary,7008.8484
175,ZWE,secondary_link,10.4001
176,ZWE,service,5974.2624
177,ZWE,steps,0.5753
178,ZWE,tertiary,22601.898
179,ZWE,tertiary_link,5.1195
180,ZWE,track,132754.9731
181,ZWE,trunk,4868.5587
182,ZWE,trunk_link,17.5011
183,ZWE,unclassified,65192.4586
184,GAB,bus_stop,0.1241
185,GAB,construction,14.7866
186,GAB,cycleway,4.9491000000000005
187,GAB,footway,36.0824
188,GAB,living_street,1.3438999999999999
189,GAB,motorway,19.4737
190,GAB,path,113.6059
191,GAB,pedestrian,0.9066000000000001
192,GAB,primary,2623.6621
193,GAB,primary_link,4.1693999999999996
194,GAB,raceway,1.5519
195,GAB,residential,3159.9158
196,GAB,secondary,1481.8137
197,GAB,secondary_link,0.5561
198,GAB,service,700.9699
199,GAB,steps,0.2031
200,GAB,tertiary,1718.2913
201,GAB,tertiary_link,1.8768
202,GAB,track,41907.1328
203,GAB,trunk,1111.9102
204,GAB,trunk_link,16.0386
205,GAB,unclassified,9415.518
206,COG,construction,25.8633
207,COG,footway,31.716
208,COG,living_street,0.1205
209,COG,path,1254.0162
210,COG,pedestrian,0.8488
211,COG,primary,2263.3254
212,COG,primary_link,1.4625
213,COG,residential,11349.4478
214,COG,secondary,2944.8403
215,COG,secondary_link,0.5303
216,COG,service,322.7976
217,COG,steps,0.0858
218,COG,tertiary,6942.1907
219,COG,tertiary_link,0.6637
220,COG,track,20820.5954
221,COG,trunk,958.3451
222,COG,trunk_link,4.0353
223,COG,unclassified,10831.871
224,CAF,bridleway,1.7423
225,CAF,footway,113.32169999999999
226,CAF,living_street,1.8458999999999999
227,CAF,path,27153.7982
228,CAF,pedestrian,5.4302
229,CAF,primary,6238.2863
230,CAF,primary_link,0.4469
231,CAF,residential,2808.6077
232,CAF,road,232.2847
233,CAF,secondary,7370.9633
234,CAF,secondary_link,0.0602
235,CAF,service,247.1603
236,CAF,steps,0.0226
237,CAF,tertiary,6828.407
238,CAF,tertiary_link,0.5327999999999999
239,CAF,track,36439.7059
240,CAF,trunk,29.8137
241,CAF,unclassified,13125.8546
242,NAM,bridleway,0.35650000000000004
243,NAM,construction,89.0687
244,NAM,corridor,0.3446
245,NAM,cycleway,4.0995
246,NAM,footway,415.2846
247,NAM,living_street,41.0958
248,NAM,motorway,181.4083
249,NAM,motorway_link,29.512900000000002
250,NAM,path,2601.7268
251,NAM,pedestrian,7.0537
252,NAM,planned,2.8720000000000003
253,NAM,primary,12180.0061
254,NAM,primary_link,21.063
255,NAM,proposed,3.3583
256,NAM,raceway,5.6109
257,NAM,residential,7186.8892
258,NAM,rest_area,0.9109
259,NAM,road,2.5965
260,NAM,secondary,25752.8068
261,NAM,secondary_link,11.369
262,NAM,service,3991.0359
263,NAM,steps,1.1868
264,NAM,tertiary,7034.3541
265,NAM,tertiary_link,5.7897
266,NAM,track,89242.7745
267,NAM,trunk,4507.591
268,NAM,trunk_link,16.5293
269,NAM,unclassified,14906.9643
270,NAM,via_ferrata,0.3497
271,NAM,yes,0.3156
272,CIV,construction,284.4746
273,CIV,cycleway,0.7004
274,CIV,escape,0.1824
275,CIV,footway,362.7531
276,CIV,living_street,7.2577
277,CIV,motorway,464.0877
278,CIV,motorway_link,48.2
279,CIV,path,4188.5322
280,CIV,pedestrian,30.2903
281,CIV,primary,5908.8402
282,CIV,primary_link,10.8793
283,CIV,proposed,11.4766
284,CIV,raceway,0.4798
285,CIV,residential,28990.4923
286,CIV,secondary,5368.534
287,CIV,secondary_link,4.2859
288,CIV,service,1306.003
289,CIV,steps,1.2204
290,CIV,tertiary,12083.8632
291,CIV,tertiary_link,1.7455
292,CIV,track,12846.4349
293,CIV,trunk,1230.7457
294,CIV,trunk_link,6.6364
295,CIV,unclassified,66399.3068
296,CMR,construction,71.7892
297,CMR,corridor,0.0242
298,CMR,cycleway,1.2247
299,CMR,emergency_access_point,0.662
300,CMR,escape,0.059
301,CMR,footway,1243.7703
302,CMR,living_street,18.9946
303,CMR,motorway,149.0657
304,CMR,motorway_link,13.9851
305,CMR,passing_place,0.11560000000000001
306,CMR,path,22274.9056
307,CMR,pedestrian,5.2988
308,CMR,primary,6206.1903
309,CMR,primary_link,5.3821
310,CMR,proposed,50.460899999999995
311,CMR,residential,29235.2638
312,CMR,rest_area,1.6985000000000001
313,CMR,road,22.6025
314,CMR,secondary,13251.6121
315,CMR,secondary_link,8.6554
316,CMR,service,2689.8028
317,CMR,services,0.3585
318,CMR,steps,2.8053
319,CMR,tertiary,20894.6263
320,CMR,tertiary_link,2.2876
321,CMR,track,38632.155
322,CMR,trunk,5875.072
323,CMR,trunk_link,22.6342
324,CMR,unclassified,48184.8085
325,CMR,yes,0.0354
326,ZMB,construction,210.5728
327,ZMB,cycleway,3.1435
328,ZMB,footway,231.45589999999999
329,ZMB,living_street,2.2362
330,ZMB,path,19635.3321
331,ZMB,pedestrian,2.1332
332,ZMB,primary,3889.8294
333,ZMB,primary_link,4.3906
334,ZMB,raceway,6.7191
335,ZMB,residential,22480.0307
336,ZMB,rest_area,0.5917
337,ZMB,road,21.9454
338,ZMB,secondary,5230.105
339,ZMB,secondary_link,1.7345
340,ZMB,service,4196.2937
341,ZMB,steps,0.4608
342,ZMB,tertiary,22835.4619
343,ZMB,tertiary_link,2.8865
344,ZMB,track,168941.3325
345,ZMB,trunk,3482.4915
346,ZMB,trunk_link,3.1611
347,ZMB,unclassified,64454.3741
348,ZMB,unpaved,0.0182
349,ZMB,yes,0.8836
350,KEN,bridleway,14.1563
351,KEN,bus_stop,0.5365
352,KEN,construction,273.9611
353,KEN,corridor,0.0358
354,KEN,cycleway,35.199
355,KEN,emergency_access_point,0.0758
356,KEN,footway,1289.2
357,KEN,junction,0.3403
358,KEN,living_street,28.944300000000002
359,KEN,motorway,54.0402
360,KEN,motorway_link,8.6161
361,KEN,path,28125.2963
362,KEN,pedestrian,22.75
363,KEN,primary,2628.8597
364,KEN,primary_link,15.735
365,KEN,proposed,0.3768
366,KEN,raceway,2.0358
367,KEN,residential,100046.3475
368,KEN,rest_area,1.7184
369,KEN,road,110.7981
370,KEN,secondary,11968.4638
371,KEN,secondary_link,20.6315
372,KEN,service,3905.6435
373,KEN,services,0.4926
374,KEN,steps,3.0113
375,KEN,tertiary,23951.0533
376,KEN,tertiary_link,4.9327
377,KEN,track,47032.6825
378,KEN,trunk,4573.3187
379,KEN,trunk_link,81.1234
380,KEN,unclassified,151200.4408
381,COM,footway,13.0144
382,COM,living_street,0.24459999999999998
383,COM,path,55.1179
384,COM,primary,163.9051
385,COM,primary_link,0.1046
386,COM,residential,698.6942
387,COM,secondary,93.122
388,COM,secondary_link,0.0681
389,COM,service,37.2643
390,COM,steps,0.1102
391,COM,tertiary,374.3718
392,COM,tertiary_link,0.045
393,COM,track,163.94050000000001
394,COM,unclassified,261.8182
395,GHA,bridleway,19.1277
396,GHA,construction,7.3539
397,GHA,corridor,0.2487
398,GHA,cycleway,4.7792
399,GHA,footway,378.714
400,GHA,indoor,0.383
401,GHA,living_street,11.3232
402,GHA,motorway,37.7115
403,GHA,motorway_link,3.4068
404,GHA,passing_place,0.2485
405,GHA,path,5506.7583
406,GHA,pedestrian,2.4891
407,GHA,primary,3980.1434
408,GHA,primary_link,13.1388
409,GHA,raceway,1.2452
410,GHA,residential,50025.9024
411,GHA,rest_area,1.0556
412,GHA,road,26.3131
413,GHA,secondary,6554.5355
414,GHA,secondary_link,8.1707
415,GHA,service,3176.5915
416,GHA,steps,3.912
417,GHA,tertiary,14169.5304
418,GHA,tertiary_link,2.1594
419,GHA,track,11925.9496
420,GHA,trunk,4239.7151
421,GHA,trunk_link,50.0263
422,GHA,unclassified,50965.2264
423,GIN,bridleway,10.1682
424,GIN,construction,9.1125
425,GIN,cycleway,1.1211
426,GIN,emergency_access_point,0.0452
427,GIN,footway,1015.5742
428,GIN,living_street,5.8542
429,GIN,milestone,0.2984
430,GIN,path,43605.4884
431,GIN,pedestrian,8.3017
432,GIN,primary,2569.3374
433,GIN,primary_link,0.5366
434,GIN,residential,10414.0188
435,GIN,road,29.889899999999997
436,GIN,secondary,3047.1886
437,GIN,secondary_link,0.1805
438,GIN,service,1204.9989
439,GIN,steps,0.9406
440,GIN,tertiary,12752.956400000001
441,GIN,tertiary_link,0.8327
442,GIN,track,45053.7017
443,GIN,trunk,3334.0881
444,GIN,trunk_link,6.5208
445,GIN,unclassified,58903.4467
446,ETH,bridleway,11.5929
447,ETH,bus_guideway,6.183
448,ETH,construction,1033.6649
449,ETH,escape,0.3247
450,ETH,footway,1600.5205
451,ETH,living_street,42.8083
452,ETH,motorway,341.32189999999997
453,ETH,motorway_link,43.1269
454,ETH,path,19805.9476
455,ETH,pedestrian,5.6127
456,ETH,platform,0.0638
457,ETH,primary,7856.7643
458,ETH,primary_link,31.5751
459,ETH,proposed,34.0101
460,ETH,raceway,0.1602
461,ETH,residential,57070.8663
462,ETH,road,3.6541
463,ETH,secondary,16804.2313
464,ETH,secondary_link,5.9501
465,ETH,service,3408.21
466,ETH,steps,3.0331
467,ETH,tertiary,40704.7815
468,ETH,tertiary_link,37.6057
469,ETH,track,51946.3051
470,ETH,trunk,6198.5251
471,ETH,trunk_link,17.9745
472,ETH,unclassified,120355.084
473,MLI,bridleway,37.2949
474,MLI,construction,11.6002
475,MLI,cycleway,20.3681
476,MLI,emergency_access_point,0.0915
477,MLI,footway,303.3824
478,MLI,living_street,6.2754
479,MLI,motorway,2.2578
480,MLI,path,25882.0872
481,MLI,pedestrian,21.3031
482,MLI,primary,5362.0777
483,MLI,primary_link,27.6203
484,MLI,proposed,636.7817
485,MLI,razed,0.3028
486,MLI,residential,28653.0055
487,MLI,rest_area,0.179
488,MLI,road,114.4892
489,MLI,secondary,7502.8871
490,MLI,secondary_link,0.4295
491,MLI,service,753.9114
492,MLI,services,0.6968
493,MLI,steps,0.6379
494,MLI,tertiary,20747.122
495,MLI,tertiary_link,1.0874
496,MLI,track,78000.3885
497,MLI,traffic_signals,0.014
498,MLI,trunk,2216.1191
499,MLI,trunk_link,13.6849
500,MLI,unclassified,238243.1721
501,COD,bridleway,8.0358
502,COD,bus_stop,0.0775
503,COD,construction,52.7028
504,COD,cycleway,2.096
505,COD,emergency_access_point,0.0387
506,COD,footway,1360.4031
507,COD,living_street,66.3826
508,COD,path,60129.7686
509,COD,pedestrian,39.7782
510,COD,primary,21758.2157
511,COD,primary_link,2.9725
512,COD,proposed,80.7886
513,COD,raceway,1.6204
514,COD,residential,59200.2631
515,COD,road,6135.9376
516,COD,secondary,23370.4144
517,COD,secondary_link,2.4067
518,COD,service,2278.0494
519,COD,steps,2.3108
520,COD,tertiary,41121.9621
521,COD,tertiary_link,2.8956
522,COD,track,115849.778
523,COD,trunk,3353.7482
524,COD,trunk_link,8.4522
525,COD,unclassified,171385.2239
526,LBR,cycleway,2.5766999999999998
527,LBR,footway,76.3595
528,LBR,living_street,0.7315
529,LBR,path,8930.8904
530,LBR,pist,2.1065
531,LBR,primary,1677.9981
532,LBR,primary_link,0.5576
533,LBR,residential,3365.2434
534,LBR,rest_area,0.4904
535,LBR,road,115.5016
536,LBR,secondary,1136.0218
537,LBR,secondary_link,0.0268
538,LBR,service,399.7693
539,LBR,steps,0.5464
540,LBR,tertiary,3560.7613
541,LBR,tertiary_link,0.0722
542,LBR,track,6878.8618
543,LBR,trunk,954.6223
544,LBR,trunk_link,3.0004
545,LBR,unclassified,14429.4583
546,CPV,busway,0.1401
547,CPV,cycleway,2.0628
548,CPV,footway,933.2467
549,CPV,living_street,0.1081
550,CPV,path,1636.4218
551,CPV,pedestrian,4.2109
552,CPV,primary,375.3501
553,CPV,primary_link,0.7263999999999999
554,CPV,raceway,0.5397
555,CPV,residential,1171.2193
556,CPV,road,0.7498
557,CPV,secondary,291.4668
558,CPV,secondary_link,0.1346
559,CPV,service,1343.8726
560,CPV,steps,3.8295
561,CPV,tertiary,520.2315
562,CPV,tertiary_link,0.0566
563,CPV,track,1734.2875
564,CPV,trunk,74.36110000000001
565,CPV,trunk_link,0.3416
566,CPV,unclassified,536.1376
567,BWA,bridleway,0.35650000000000004
568,BWA,bus_stop,0.4332
569,BWA,construction,31.2561
570,BWA,corridor,0.066
571,BWA,cycleway,0.2117
572,BWA,footway,316.1868
573,BWA,living_street,28.6539
574,BWA,path,8982.8696
575,BWA,pedestrian,1.9192
576,BWA,primary,2890.5278
577,BWA,primary_link,17.1726
578,BWA,raceway,2.6183
579,BWA,residential,28377.9394
580,BWA,road,18.6834
581,BWA,secondary,4542.603
582,BWA,secondary_link,3.8015
583,BWA,service,3208.8125
584,BWA,steps,0.5036
585,BWA,tertiary,11881.3827
586,BWA,tertiary_link,4.5196
587,BWA,track,90351.2363
588,BWA,trunk,3419.3258
589,BWA,trunk_link,18.2546
590,BWA,unclassified,23543.1053
591,TCD,bridleway,4.579
592,TCD,construction,5.9776
593,TCD,cycleway,2.0941
594,TCD,footway,263.5998
595,TCD,living_street,22.9213
596,TCD,path,23172.4696
597,TCD,pedestrian,1.3266
598,TCD,primary,3025.9654
599,TCD,primary_link,2.5842
600,TCD,proposed,43.4512
601,TCD,residential,12858.7102
602,TCD,road,4.2934
603,TCD,secondary,8315.1518
604,TCD,secondary_link,1.0439
605,TCD,service,805.856
606,TCD,steps,0.0252
607,TCD,tertiary,13749.082
608,TCD,tertiary_link,0.2513
609,TCD,track,34462.1437
610,TCD,trunk,2148.7111
611,TCD,trunk_link,2.5595
612,TCD,unclassified,57831.3982
613,GNQ,construction,62.6811
614,GNQ,footway,29.064
615,GNQ,living_street,5.2316
616,GNQ,motorway,610.5228
617,GNQ,motorway_link,31.5125
618,GNQ,path,153.10829999999999
619,GNQ,pedestrian,10.9354
620,GNQ,primary,1121.923
621,GNQ,primary_link,4.6744
622,GNQ,residential,1175.6825
623,GNQ,secondary,971.1089
624,GNQ,secondary_link,0.4785
625,GNQ,service,418.8915
626,GNQ,steps,0.7013
627,GNQ,tertiary,1450.9873
628,GNQ,tertiary_link,0.2696
629,GNQ,track,3694.5625
630,GNQ,trunk,229.5806
631,GNQ,trunk_link,5.8652
632,GNQ,unclassified,1645.8678
633,MUS,bridleway,0.4777
634,MUS,bus_guideway,0.0614
635,MUS,construction,4.1941
636,MUS,escape,0.2637
637,MUS,footway,70.6535
638,MUS,living_street,26.8061
639,MUS,path,315.9685
640,MUS,pedestrian,0.8260000000000001
641,MUS,platform,1.0691
642,MUS,primary,315.919
643,MUS,primary_link,5.2842
644,MUS,raceway,0.2272
645,MUS,residential,3880.5163
646,MUS,rest_area,0.0296
647,MUS,road,0.6973
648,MUS,secondary,852.5455
649,MUS,secondary_link,2.6717
650,MUS,service,628.0677
651,MUS,steps,2.8182
652,MUS,tertiary,226.83689999999999
653,MUS,tertiary_link,0.7624
654,MUS,track,3165.1886
655,MUS,trunk,217.0302
656,MUS,trunk_link,31.2141
657,MUS,unclassified,688.7496
658,MRT,bridleway,2.7729
659,MRT,construction,44.2248
660,MRT,cycleway,0.0745
661,MRT,footway,30.6787
662,MRT,living_street,2.2493
663,MRT,path,1205.6722
664,MRT,pedestrian,0.49060000000000004
665,MRT,primary,1733.9944
666,MRT,primary_link,0.3798
667,MRT,proposed,103.7634
668,MRT,raceway,1.7474
669,MRT,residential,8319.2768
670,MRT,road,20.892
671,MRT,secondary,1971.3269
672,MRT,secondary_link,0.4513
673,MRT,service,563.23
674,MRT,steps,0.0252
675,MRT,tertiary,2180.2038
676,MRT,tertiary_link,0.1086
677,MRT,track,18172.0258
678,MRT,trunk,2374.6809
679,MRT,trunk_link,3.2395
680,MRT,unclassified,24645.7433
681,GNB,bridleway,0.5193
682,GNB,construction,7.1202000000000005
683,GNB,cycleway,13.845600000000001
684,GNB,footway,89.9581
685,GNB,living_street,1.5493
686,GNB,path,2217.445
687,GNB,pedestrian,0.2547
688,GNB,primary,543.0136
689,GNB,primary_link,1.13
690,GNB,residential,4243.2709
691,GNB,secondary,363.4999
692,GNB,secondary_link,0.4427
693,GNB,service,97.5268
694,GNB,steps,0.08310000000000001
695,GNB,tertiary,1486.5916
696,GNB,tertiary_link,0.1925
697,GNB,track,2307.3386
698,GNB,trunk,13.979600000000001
699,GNB,unclassified,6876.3997
700,SLE,bridleway,3.2569
701,SLE,construction,5.1536
702,SLE,footway,780.717
703,SLE,living_street,5.4262
704,SLE,path,16829.2563
705,SLE,pedestrian,2.5655
706,SLE,primary,1134.1997
707,SLE,primary_link,0.5257
708,SLE,residential,3742.3577
709,SLE,rest_area,0.0527
710,SLE,secondary,1806.878
711,SLE,secondary_link,0.4455
712,SLE,service,334.048
713,SLE,tertiary,3736.4572
714,SLE,tertiary_link,0.0127
715,SLE,track,9818.4785
716,SLE,trunk,870.8606
717,SLE,trunk_link,0.44520000000000004
718,SLE,unclassified,24313.571
719,TZA,bridleway,1.1976
720,TZA,bus_stop,10.9693
721,TZA,construction,53.6848
722,TZA,corridor,0.1392
723,TZA,cycleway,149.3511
724,TZA,elevator,0.0463
725,TZA,footway,7110.9345
726,TZA,living_street,54.8596
727,TZA,motorway,0.1902
728,TZA,path,158924.0406
729,TZA,pedestrian,66.4102
730,TZA,primary,4619.3208
731,TZA,primary_link,2.4883
732,TZA,raceway,0.4174
733,TZA,residential,123935.2143
734,TZA,rest_area,0.4441
735,TZA,road,9.4585
736,TZA,secondary,15953.9448
737,TZA,secondary_link,3.3408
738,TZA,service,7933.4041
739,TZA,services,0.7051000000000001
740,TZA,steps,12.6042
741,TZA,tertiary,39506.1944
742,TZA,tertiary_link,3.1097
743,TZA,track,130610.2993
744,TZA,trunk,9368.5667
745,TZA,trunk_link,8.2761
746,TZA,unclassified,254966.4233
747,TZA,yes,0.2287
748,BDI,bridleway,0.49210000000000004
749,BDI,footway,71.1153
750,BDI,living_street,6.9081
751,BDI,path,33542.3726
752,BDI,pedestrian,0.47350000000000003
753,BDI,primary,1662.0817
754,BDI,primary_link,0.9511
755,BDI,residential,4165.1223
756,BDI,road,0.0047
757,BDI,secondary,3673.8672
758,BDI,secondary_link,0.2054
759,BDI,service,230.8289
760,BDI,steps,0.0965
761,BDI,tertiary,8032.5531
762,BDI,tertiary_link,0.2842
763,BDI,track,2583.7737
764,BDI,trunk,355.8799
765,BDI,trunk_link,0.0809
766,BDI,unclassified,20951.5945
767,BEN,bridleway,2.8623
768,BEN,construction,107.8402
769,BEN,cycleway,0.8806
770,BEN,escape,0.2777
771,BEN,footway,138.5345
772,BEN,living_street,4.9303
773,BEN,path,3327.75
774,BEN,pedestrian,5.2411
775,BEN,primary,2863.3454
776,BEN,primary_link,2.8989
777,BEN,residential,17287.5002
778,BEN,rest_area,0.2181
779,BEN,road,0.096
780,BEN,secondary,2796.4098
781,BEN,secondary_link,0.7258
782,BEN,service,397.573
783,BEN,steps,0.2818
784,BEN,tertiary,8191.0632
785,BEN,tertiary_link,0.2756
786,BEN,track,9380.4139
787,BEN,trunk,1030.6113
788,BEN,trunk_link,0.9486
789,BEN,unclassified,26400.3384
790,NGA,bridleway,25.6624
791,NGA,bus_stop,0.3037
792,NGA,busway,23.1097
793,NGA,construction,540.1485
794,NGA,corridor,0.2311
795,NGA,cycleway,1.7967
796,NGA,emergency_access_point,0.0852
797,NGA,footway,857.4211
798,NGA,living_street,102.5187
799,NGA,motorway,828.6117
800,NGA,motorway_link,122.3295
801,NGA,path,20880.5319
802,NGA,pedestrian,17.756
803,NGA,planned,7.549
804,NGA,platform,0.059399999999999994
805,NGA,primary,22205.8965
806,NGA,primary_link,103.0267
807,NGA,proposed,45.1892
808,NGA,raceway,0.7865
809,NGA,residential,208964.3318
810,NGA,rest_area,1.4758
811,NGA,road,102.8071
812,NGA,secondary,25236.0216
813,NGA,secondary_link,38.8989
814,NGA,service,10092.5574
815,NGA,services,0.0912
816,NGA,steps,23.5818
817,NGA,tertiary,57273.8657
818,NGA,tertiary_link,14.3374
819,NGA,track,66971.2387
820,NGA,trunk,14389.5459
821,NGA,trunk_link,203.6196
822,NGA,unclassified,386048.6847
823,NGA,yes,4.053100000000001
824,MDG,abandoned,0.4521
825,MDG,bridleway,8.3976
826,MDG,bus_stop,0.4935
827,MDG,construction,1.522
828,MDG,corridor,0.32539999999999997
829,MDG,cycleway,10.558300000000001
830,MDG,disused,0.9477
831,MDG,footway,763.1565
832,MDG,living_street,8.517900000000001
833,MDG,path,332281.856
834,MDG,pedestrian,13.1029
835,MDG,primary,2748.8481
836,MDG,primary_link,1.8783
837,MDG,raceway,5.5548
838,MDG,residential,9727.0907
839,MDG,road,20.0397
840,MDG,secondary,4997.9819
841,MDG,secondary_link,0.9047000000000001
842,MDG,service,2260.1305
843,MDG,steps,19.2765
844,MDG,tertiary,15418.5078
845,MDG,tertiary_link,1.766
846,MDG,track,59575.3031
847,MDG,trunk,4.8768
848,MDG,unclassified,86664.1931
849,LSO,bridleway,51.2337
850,LSO,construction,2.9474
851,LSO,cycleway,8.0161
852,LSO,footway,1735.3638
853,LSO,living_street,1.8553000000000002
854,LSO,path,21289.2461
855,LSO,pedestrian,2.3239
856,LSO,primary,1529.0901000000001
857,LSO,primary_link,2.0685000000000002
858,LSO,residential,12867.5993
859,LSO,secondary,1077.889
860,LSO,secondary_link,0.5233
861,LSO,service,448.0776
862,LSO,steps,0.024
863,LSO,tertiary,3355.6082
864,LSO,tertiary_link,0.0193
865,LSO,track,15959.9261
866,LSO,trunk,22.7462
867,LSO,trunk_link,0.64
868,LSO,unclassified,4899.2621
869,TGO,bridleway,0.09770000000000001
870,TGO,bus_stop,0.1834
871,TGO,construction,16.5014
872,TGO,cycleway,0.0343
873,TGO,footway,59.9292
874,TGO,living_street,7.9072
875,TGO,path,11000.2273
876,TGO,pedestrian,6.6355
877,TGO,primary,787.8217999999999
878,TGO,primary_link,2.0047
879,TGO,proposed,0.7716000000000001
880,TGO,raceway,4.6125
881,TGO,residential,10401.7931
882,TGO,road,0.8212999999999999
883,TGO,secondary,1206.2183
884,TGO,secondary_link,0.9445
885,TGO,service,536.3876
886,TGO,steps,0.7678
887,TGO,tertiary,4369.4279
888,TGO,tertiary_link,0.25870000000000004
889,TGO,track,9410.7689
890,TGO,trunk,901.0857
891,TGO,trunk_link,3.3138
892,TGO,unclassified,22483.8664
893,GMB,bridleway,4.2013
894,GMB,construction,267.47180000000003
895,GMB,corridor,0.2036
896,GMB,cycleway,17.678
897,GMB,footway,474.644
898,GMB,living_street,4.0117
899,GMB,motorway,437.6355
900,GMB,motorway_link,75.39789999999999
901,GMB,path,5930.5968
902,GMB,pedestrian,15.6534
903,GMB,primary,4017.3278
904,GMB,primary_link,3.8966
905,GMB,raceway,10.2122
906,GMB,residential,37616.2999
907,GMB,rest_area,1.2932000000000001
908,GMB,road,33.3543
909,GMB,secondary,6794.1209
910,GMB,secondary_link,2.997
911,GMB,service,1824.4576
912,GMB,services,0.9681
913,GMB,steps,2.0767
914,GMB,tertiary,7917.5732
915,GMB,tertiary_link,2.1915
916,GMB,track,52342.2924
917,GMB,trunk,2893.8784
918,GMB,trunk_link,27.6346
919,GMB,unclassified,57368.0296
920,SWZ,bridleway,0.6124
921,SWZ,construction,9.9251
922,SWZ,footway,178.3197
923,SWZ,living_street,0.7653000000000001
924,SWZ,motorway,224.2846
925,SWZ,motorway_link,57.0994
926,SWZ,path,1230.2419
927,SWZ,pedestrian,0.7769
928,SWZ,platform,0.0802
929,SWZ,primary,733.4243
930,SWZ,primary_link,1.4417
931,SWZ,residential,8072.8077
932,SWZ,road,6.0438
933,SWZ,secondary,993.252
934,SWZ,secondary_link,0.5079
935,SWZ,service,566.8114
936,SWZ,steps,0.6023
937,SWZ,tertiary,2769.765
938,SWZ,tertiary_link,0.7713
939,SWZ,track,8321.0319
940,SWZ,trunk,266.22180000000003
941,SWZ,trunk_link,1.2019
942,SWZ,unclassified,9026.0204
943,SEN,bridleway,4.2013
944,SEN,construction,267.47180000000003
945,SEN,corridor,0.2036
946,SEN,cycleway,17.678
947,SEN,footway,474.644
948,SEN,living_street,4.0117
949,SEN,motorway,437.6355
950,SEN,motorway_link,75.39789999999999
951,SEN,path,5930.5968
952,SEN,pedestrian,15.6534
953,SEN,primary,4017.3278
954,SEN,primary_link,3.8966
955,SEN,raceway,10.2122
956,SEN,residential,37616.2999
957,SEN,rest_area,1.2932000000000001
958,SEN,road,33.3543
959,SEN,secondary,6794.1209
960,SEN,secondary_link,2.997
961,SEN,service,1824.4576
962,SEN,services,0.9681
963,SEN,steps,2.0767
964,SEN,tertiary,7917.5732
965,SEN,tertiary_link,2.1915
966,SEN,track,52342.2924
967,SEN,trunk,2893.8784
968,SEN,trunk_link,27.6346
969,SEN,unclassified,57368.0296
970,AGO,bridleway,9.136999999999999
971,AGO,construction,659.6978
972,AGO,corridor,0.7119
973,AGO,cycleway,3.1977
974,AGO,footway,397.8625
975,AGO,living_street,10.5848
976,AGO,minor,2.505
977,AGO,motorway,110.8279
978,AGO,motorway_link,12.0768
979,AGO,path,3433.4966
980,AGO,pedestrian,9.6941
981,AGO,primary,12065.8697
982,AGO,primary_link,24.0161
983,AGO,proposed,43.941
984,AGO,raceway,22.9101
985,AGO,residential,43520.8447
986,AGO,road,30.121000000000002
987,AGO,secondary,10689.8479
988,AGO,secondary_link,20.3206
989,AGO,service,3434.9482
990,AGO,services,0.2001
991,AGO,steps,7.4916
992,AGO,tertiary,22464.6032
993,AGO,tertiary_link,12.1197
994,AGO,track,23937.368
995,AGO,trunk,1087.884
996,AGO,trunk_link,10.0198
997,AGO,unclassified,73975.1315
998,MOZ,bridleway,13.988700000000001
999,MOZ,construction,25.4313
1000,MOZ,corridor,0.0056
1001,MOZ,footway,892.2436
1002,MOZ,living_street,209.4122
1003,MOZ,path,64128.8426
1004,MOZ,pedestrian,6.565
1005,MOZ,primary,3534.1459
1006,MOZ,primary_link,6.3615
1007,MOZ,raceway,8.7006
1008,MOZ,residential,43157.4274
1009,MOZ,road,7.9165
1010,MOZ,secondary,10552.1646
1011,MOZ,secondary_link,4.4374
1012,MOZ,service,2137.8682
1013,MOZ,services,3.1344
1014,MOZ,steps,4.7385
1015,MOZ,tertiary,22151.1995
1016,MOZ,tertiary_link,2.6349
1017,MOZ,track,48698.645
1018,MOZ,trunk,4048.3427
1019,MOZ,trunk_link,28.9561
1020,MOZ,unclassified,120348.817
1021,BFA,bridleway,1.7628
1022,BFA,construction,130.1595
1023,BFA,cycleway,12.9956
1024,BFA,footway,272.8481
1025,BFA,living_street,4.1894
1026,BFA,path,22197.2619
1027,BFA,pedestrian,8.8985
1028,BFA,primary,4157.5464
1029,BFA,primary_link,14.193200000000001
1030,BFA,raceway,6.1347
1031,BFA,residential,20287.9028
1032,BFA,rest_area,0.8564
1033,BFA,road,84.4715
1034,BFA,secondary,3955.6164
1035,BFA,secondary_link,1.1508
1036,BFA,service,1787.1018
1037,BFA,steps,0.2678
1038,BFA,tertiary,12922.8361
1039,BFA,tertiary_link,1.5295
1040,BFA,track,29219.4761
1041,BFA,trunk,1760.6376
1042,BFA,trunk_link,11.6064
1043,BFA,unclassified,71556.2128
1044,SDN,construction,132.7082
1045,SDN,footway,96.054
1046,SDN,living_street,16.9409
1047,SDN,path,10816.0819
1048,SDN,pedestrian,1.7876
1049,SDN,primary,3481.9791
1050,SDN,primary_link,7.6731
1051,SDN,proposed,162.5068
1052,SDN,residential,94904.074
1053,SDN,rest_area,0.8093
1054,SDN,secondary,5347.5969000000005
1055,SDN,secondary_link,6.955
1056,SDN,service,2129.8138
1057,SDN,steps,0.1578
1058,SDN,tertiary,30861.5381
1059,SDN,tertiary_link,5.2589
1060,SDN,track,33813.4292
1061,SDN,trunk,7406.8309
1062,SDN,trunk_link,15.0366
1063,SDN,unclassified,101122.068
1064,MWI,bridleway,1.1226
1065,MWI,construction,17.0678
1066,MWI,cycleway,23.6172
1067,MWI,footway,818.9428
1068,MWI,living_street,6.1579999999999995
1069,MWI,motorway,2.456
1070,MWI,path,33743.0463
1071,MWI,pedestrian,1.0110999999999999
1072,MWI,primary,1101.0313
1073,MWI,primary_link,0.9751
1074,MWI,residential,72529.2298
1075,MWI,road,18.0827
1076,MWI,secondary,3097.7057
1077,MWI,secondary_link,1.1136
1078,MWI,service,829.6384
1079,MWI,steps,0.1824
1080,MWI,tertiary,9467.7063
1081,MWI,tertiary_link,0.1303
1082,MWI,track,27463.0446
1083,MWI,trunk,2507.6162
1084,MWI,trunk_link,4.98
1085,MWI,unclassified,42431.7666
1086,NER,bridleway,0.1852
1087,NER,construction,184.2794
1088,NER,crossing,1.4921
1089,NER,cycleway,39.9565
1090,NER,escape,0.1445
1091,NER,footway,136.1028
1092,NER,living_street,0.1731
1093,NER,path,7608.7253
1094,NER,pedestrian,5.7938
1095,NER,platform,0.0322
1096,NER,primary,5066.369
1097,NER,primary_link,3.7409
1098,NER,raceway,2.3927
1099,NER,residential,13723.2471
1100,NER,rest_area,0.2181
1101,NER,road,8.7062
1102,NER,secondary,5350.3515
1103,NER,secondary_link,1.0671
1104,NER,service,648.9022
1105,NER,services,1.6032
1106,NER,steps,0.38130000000000003
1107,NER,tertiary,7175.2697
1108,NER,tertiary_link,1.2769
1109,NER,track,47115.2669
1110,NER,trunk,1578.8401
1111,NER,trunk_link,0.8123
1112,NER,unclassified,133506.3713
1113,UGA,bridleway,6.334499999999999
1114,UGA,construction,15.8707
1115,UGA,corridor,0.0711
1116,UGA,cycleway,41.0526
1117,UGA,footway,6130.2224
1118,UGA,living_street,66.2533
1119,UGA,motorway,68.491
1120,UGA,motorway_link,13.5449
1121,UGA,path,58446.6287
1122,UGA,pedestrian,22.8458
1123,UGA,platform,0.25579999999999997
1124,UGA,primary,3910.1877
1125,UGA,primary_link,3.4176
1126,UGA,proposed,6.8919
1127,UGA,residential,36980.287
1128,UGA,road,237.1896
1129,UGA,secondary,11399.494
1130,UGA,secondary_link,2.7015
1131,UGA,service,2103.5086
1132,UGA,services,0.0884
1133,UGA,steps,4.4835
1134,UGA,tertiary,22150.2115
1135,UGA,tertiary_link,6.0945
1136,UGA,track,37914.0751
1137,UGA,trunk,702.564
1138,UGA,trunk_link,9.2289
1139,UGA,unclassified,104878.8231
1140,SOM,construction,49.1811
1141,SOM,footway,88.3891
1142,SOM,living_street,49.6945
1143,SOM,path,35624.8121
1144,SOM,pedestrian,12.3305
1145,SOM,primary,2641.1948
1146,SOM,primary_link,0.2308
1147,SOM,residential,13262.7096
1148,SOM,road,7.3139
1149,SOM,secondary,3599.0941
1150,SOM,secondary_link,0.26589999999999997
1151,SOM,service,383.2782
1152,SOM,steps,0.10200000000000001
1153,SOM,tertiary,10202.1701
1154,SOM,tertiary_link,0.4211
1155,SOM,track,234014.927
1156,SOM,trunk,1715.125
1157,SOM,trunk_link,0.0225
1158,SOM,unclassified,115044.3606
1159,RWA,bridleway,4.8481
1160,RWA,cycleway,0.0802
1161,RWA,footway,5786.0061
1162,RWA,living_street,2.538
1163,RWA,path,11001.6673
1164,RWA,pedestrian,2.7582
1165,RWA,primary,1875.0796
1166,RWA,primary_link,0.7671
1167,RWA,residential,21972.0005
1168,RWA,road,0.19519999999999998
1169,RWA,secondary,4104.7135
1170,RWA,secondary_link,0.8256
1171,RWA,service,444.06850000000003
1172,RWA,steps,1.104
1173,RWA,tertiary,992.7312
1174,RWA,tertiary_link,0.053
1175,RWA,track,2751.3675
1176,RWA,trunk,1068.6068
1177,RWA,trunk_link,2.4046
1178,RWA,unclassified,19966.0315
